{"cameraMode":{"drawMode":0,"name":"Shaded","section":"Shading Mode"},"sceneLighting":true,"audioPlay":false,"sceneViewState":{"m_AlwaysRefresh":false,"showFog":false,"showSkybox":true,"showFlares":true,"showImageEffects":true,"showParticleSystems":true,"showVisualEffectGraphs":true,"m_FxEnabled":true},"in2DMode":false,"pivot":{"x":12.734766960144043,"y":0.2499980926513672,"z":28.107402801513673},"rotation":{"x":0.3641986548900604,"y":0.14167872071266175,"z":-0.05616127699613571,"w":0.9187675714492798},"size":37.80949020385742,"orthographic":true}